City_ID,City,Country,Date,Lat,Lng,Max Temp,Humidity,Cloudiness,Wind Speed
0,Acapulco,MX,2022-09-12 22:24:37,16.8634,-99.8901,85.82,66,75,8.05
1,East London,ZA,2022-09-12 22:29:13,-33.0153,27.9116,57.29,63,15,10.69
2,Kapaa,US,2022-09-12 22:29:14,22.0752,-159.319,85.19,69,0,11.5
3,Biak,ID,2022-09-12 22:29:14,-0.9131,122.8766,74.55,87,20,5.75
4,Astoria,US,2022-09-12 22:29:14,46.1879,-123.8313,69.69,71,100,6.91
5,Ballina,AU,2022-09-12 22:29:15,-28.8667,153.5667,63.79,82,24,9.95
6,Nikolskoye,RU,2022-09-12 22:29:15,59.7035,30.7861,51.69,79,97,3.71
7,Makakilo City,US,2022-09-12 22:29:15,21.3469,-158.0858,86.32,57,100,12.66
8,Havre-Saint-Pierre,CA,2022-09-12 22:29:16,50.2334,-63.5986,57.56,94,40,3.44
9,Narsaq,GL,2022-09-12 22:29:16,60.9167,-46.05,46.62,77,100,1.88
10,Atuona,PF,2022-09-12 22:29:16,-9.8,-139.0333,76.6,77,19,18.52
11,Busselton,AU,2022-09-12 22:29:16,-33.65,115.3333,56.41,82,66,23.22
12,Te Anau,NZ,2022-09-12 22:29:17,-45.4167,167.7167,42.55,88,98,5.01
13,Punta Arenas,CL,2022-09-12 22:29:17,-53.15,-70.9167,46.51,49,0,5.75
14,Kayasula,RU,2022-09-12 22:29:17,44.325,45.0,66.2,84,14,13.18
15,Upernavik,GL,2022-09-12 22:29:18,72.7868,-56.1549,39.97,98,100,2.26
16,Rikitea,PF,2022-09-12 22:29:18,-23.1203,-134.9692,72.97,68,80,3.36
17,Tiksi,RU,2022-09-12 22:29:18,71.6872,128.8694,34.99,79,31,4.7
18,Bluff,NZ,2022-09-12 22:29:18,-46.6,168.3333,44.8,73,100,17.92
19,Eureka,US,2022-09-12 22:29:19,40.8021,-124.1637,85.75,77,68,1.99
20,Geraldton,AU,2022-09-12 22:29:19,-28.7667,114.6,63.01,63,75,20.71
21,Ushuaia,AR,2022-09-12 22:29:19,-54.8,-68.3,44.26,57,20,3.44
22,Bambous Virieux,MU,2022-09-12 22:29:20,-20.3428,57.7575,69.22,77,40,8.05
23,Nanortalik,GL,2022-09-12 22:29:20,60.1432,-45.2371,43.02,94,23,8.59
24,Barrow,US,2022-09-12 22:29:20,71.2906,-156.7887,37.42,93,100,19.57
25,Esperance,AU,2022-09-12 22:29:20,-33.8667,121.9,61.72,58,14,15.1
26,Chepo,PA,2022-09-12 22:29:21,9.1667,-79.1,84.0,89,98,4.5
27,Kruisfontein,ZA,2022-09-12 22:29:21,-34.0033,24.7314,49.89,79,0,9.46
28,Vila Franca Do Campo,PT,2022-09-12 22:29:21,37.7167,-25.4333,73.2,84,68,9.66
29,Pedernales,DO,2022-09-12 22:29:22,18.0384,-71.744,84.52,69,93,2.71
30,New Norfolk,AU,2022-09-12 22:29:22,-42.7826,147.0587,44.92,85,55,2.51
31,Port Elizabeth,ZA,2022-09-12 22:29:22,-33.918,25.5701,54.32,76,0,12.66
32,Cansahcab,MX,2022-09-12 22:29:22,21.1667,-89.1,82.29,78,100,4.88
33,Mataura,NZ,2022-09-12 22:29:23,-46.1927,168.8643,44.47,94,100,2.62
34,Hearst,CA,2022-09-12 22:25:02,49.6835,-83.6665,71.85,56,79,0.29
35,Yellowknife,CA,2022-09-12 22:29:23,62.456,-114.3525,50.56,62,20,10.36
36,Avarua,CK,2022-09-12 22:29:23,-21.2078,-159.775,78.85,69,20,19.57
37,Maamba,ZM,2022-09-12 22:29:24,-17.3667,27.15,71.31,22,0,3.47
38,Katsuura,JP,2022-09-12 22:29:24,35.1333,140.3,77.5,89,97,11.97
39,Tasiilaq,GL,2022-09-12 22:29:24,65.6145,-37.6368,53.76,53,1,7.38
40,Cayenne,GF,2022-09-12 22:27:05,4.9333,-52.3333,82.44,74,10,3.44
41,Tezu,IN,2022-09-12 22:29:24,27.9167,96.1667,73.04,98,85,2.71
42,Vaini,TO,2022-09-12 22:29:25,-21.2,-175.2,80.76,74,20,8.05
43,Adrar,MR,2022-09-12 22:29:25,20.5022,-10.0711,97.97,20,39,5.35
44,Hami,CN,2022-09-12 22:29:25,42.8,93.45,70.5,34,98,4.56
45,Tenenkou,ML,2022-09-12 22:29:26,14.4572,-4.9169,75.31,80,100,11.05
46,Thompson,CA,2022-09-12 22:30:26,55.7435,-97.8558,55.56,47,75,13.8
47,Sterling,US,2022-09-12 22:30:14,39.0062,-77.4286,76.28,92,75,3.44
48,Dunedin,NZ,2022-09-12 22:30:06,-45.8742,170.5036,44.8,76,100,5.99
49,Khuzdar,PK,2022-09-12 22:30:26,27.7384,66.6434,74.48,56,81,2.55
50,Codrington,AU,2022-09-12 22:30:27,-38.2667,141.9667,48.2,67,99,2.57
51,Amga,RU,2022-09-12 22:30:27,60.8953,131.9608,46.08,59,70,7.25
52,Murgab,TM,2022-09-12 22:30:27,37.4966,61.9714,57.07,54,0,6.91
53,Hermanus,ZA,2022-09-12 22:30:28,-34.4187,19.2345,49.8,73,3,5.06
54,Paks,HU,2022-09-12 22:30:28,46.6265,18.8596,57.33,64,2,7.05
55,Castro,BR,2022-09-12 22:30:28,-24.7911,-50.0119,55.9,99,85,3.11
56,Owando,CG,2022-09-12 22:30:28,-0.4819,15.8999,72.61,84,84,3.09
57,Gizo,SB,2022-09-12 22:30:29,-8.103,156.8419,83.07,65,7,6.46
58,Fagernes,NO,2022-09-12 22:30:29,60.9858,9.2324,54.91,99,100,1.23
59,Georgetown,MY,2022-09-12 22:30:29,5.4112,100.3354,78.89,92,20,3.44
60,Butaritari,KI,2022-09-12 22:30:30,3.0707,172.7902,82.36,71,7,9.95
61,Bethel,US,2022-09-12 22:30:30,41.3712,-73.414,78.91,77,93,1.01
62,Saskylakh,RU,2022-09-12 22:30:30,71.9167,114.0833,34.66,98,97,9.33
63,Kodiak,US,2022-09-12 22:30:30,57.79,-152.4072,58.51,58,20,10.36
64,Albany,US,2022-09-12 22:29:45,42.6001,-73.9662,76.68,82,72,2.84
65,Verkhnyaya Inta,RU,2022-09-12 22:30:31,65.9811,60.3094,45.3,93,100,16.17
66,Chokurdakh,RU,2022-09-12 22:30:31,70.6333,147.9167,39.54,88,100,8.3
67,Puerto Ayora,EC,2022-09-12 22:26:53,-0.7393,-90.3518,75.16,98,90,5.01
68,Longyearbyen,SJ,2022-09-12 22:30:31,78.2186,15.6401,30.04,69,75,11.5
69,Iqaluit,CA,2022-09-12 22:30:13,63.7506,-68.5145,44.33,87,75,15.01
70,Kawalu,ID,2022-09-12 22:30:32,-7.3817,108.2082,70.95,98,74,1.07
71,Mareeba,AU,2022-09-12 22:30:32,-17.0,145.4333,74.48,81,25,5.46
72,Bredasdorp,ZA,2022-09-12 22:30:32,-34.5322,20.0403,46.85,82,4,5.26
73,Poum,NC,2022-09-12 22:30:33,-20.2333,164.0167,77.7,74,100,12.73
74,Lobito,AO,2022-09-12 22:30:33,-12.3481,13.5456,69.71,86,48,6.76
75,Sanary-Sur-Mer,FR,2022-09-12 22:30:33,43.1178,5.8001,72.88,78,27,2.37
76,Constantine,DZ,2022-09-12 22:30:34,36.365,6.6147,80.01,36,0,6.91
77,Carnarvon,AU,2022-09-12 22:30:34,-24.8667,113.6333,67.48,70,11,19.57
78,Lichtenfels,DE,2022-09-12 22:30:34,50.1457,11.0593,57.13,89,76,1.01
79,Charyshskoye,RU,2022-09-12 22:30:34,51.3978,83.5598,43.61,94,100,1.66
80,Bismarck,US,2022-09-12 22:29:08,46.8083,-100.7837,89.44,21,0,10.36
81,Hamilton,US,2022-09-12 22:27:53,39.1834,-84.5333,70.43,59,100,11.5
82,Cherskiy,RU,2022-09-12 22:30:35,68.75,161.3,38.44,96,100,6.06
83,Cuamba,MZ,2022-09-12 22:30:35,-14.8031,36.5372,73.67,38,48,4.7
84,Lavrentiya,RU,2022-09-12 22:30:36,65.5833,-171.0,44.2,98,100,5.3
85,Torbay,CA,2022-09-12 22:30:36,47.6666,-52.7314,59.29,97,100,10.36
86,Caravelas,BR,2022-09-12 22:30:36,-17.7125,-39.2481,69.94,77,1,5.3
87,Betsiamites,CA,2022-09-12 22:30:37,48.9413,-68.646,73.8,86,22,1.86
88,Kavieng,PG,2022-09-12 22:30:37,-2.5744,150.7967,83.98,66,62,11.65
89,Ribeira Grande,PT,2022-09-12 22:30:37,38.5167,-28.7,74.03,88,90,2.33
90,Cabra,ES,2022-09-12 22:27:58,37.4725,-4.4421,77.04,51,100,10.56
91,Jamestown,US,2022-09-12 22:25:48,42.097,-79.2353,69.53,71,20,8.05
92,Hasaki,JP,2022-09-12 22:30:38,35.7333,140.8333,72.28,87,94,10.63
93,Kirakira,SB,2022-09-12 22:30:38,-10.4544,161.9205,78.24,88,67,7.31
94,Grand Baie,MU,2022-09-12 22:30:38,-20.0182,57.5802,69.46,70,57,3.0
95,Lagoa,PT,2022-09-12 22:31:39,39.05,-27.9833,71.02,82,84,7.29
96,Airai,TL,2022-09-12 22:31:39,-8.9266,125.4092,66.47,49,68,3.04
97,Tekeli,KZ,2022-09-12 22:31:39,44.83,78.8239,47.3,44,70,5.23
98,Krasnoselkup,RU,2022-09-12 22:31:40,65.7,82.4667,35.82,87,94,8.79
99,Kirkwood,US,2022-09-12 22:27:43,38.5834,-90.4068,79.59,43,75,12.66
100,Souillac,MU,2022-09-12 22:31:40,-20.5167,57.5167,68.38,77,40,8.05
101,Bonthe,SL,2022-09-12 22:31:40,7.5264,-12.505,76.41,88,19,8.05
102,Port Alfred,ZA,2022-09-12 22:31:41,-33.5906,26.891,50.18,87,0,5.99
103,Camacha,PT,2022-09-12 22:31:41,33.0833,-16.3333,71.02,73,40,13.8
104,Tuktoyaktuk,CA,2022-09-12 22:31:41,69.4541,-133.0374,41.0,87,100,10.36
105,Port Lincoln,AU,2022-09-12 22:30:36,-34.7333,135.8667,55.58,79,30,17.0
106,Beidao,CN,2022-09-12 22:31:41,34.5686,105.8933,63.68,79,100,2.93
107,Ilulissat,GL,2022-09-12 22:31:42,69.2167,-51.1,46.42,81,75,11.5
108,Luderitz,NA,2022-09-12 22:31:42,-26.6481,15.1594,63.46,32,26,16.93
109,Sitka,US,2022-09-12 22:31:42,57.0531,-135.33,57.09,77,100,8.05
110,Yulara,AU,2022-09-12 22:31:43,-25.2406,130.9889,64.87,51,0,12.17
111,Faanui,PF,2022-09-12 22:31:43,-16.4833,-151.75,77.94,77,79,19.98
112,Akom,CM,2022-09-12 22:31:43,2.6678,12.7109,66.15,93,62,2.68
113,Cape Town,ZA,2022-09-12 22:27:35,-33.9258,18.4232,57.27,70,20,11.5
114,Bunia,CD,2022-09-12 22:31:43,1.5667,30.25,63.12,96,100,2.86
115,Myre,NO,2022-09-12 22:31:44,69.1036,15.9492,45.34,70,96,8.25
116,Touros,BR,2022-09-12 22:31:44,-5.1989,-35.4608,76.1,76,20,15.19
117,Lompoc,US,2022-09-12 22:31:29,34.6391,-120.4579,78.57,67,0,16.11
118,Rosario,AR,2022-09-12 22:29:22,-32.9468,-60.6393,66.94,27,0,6.91
119,Yokadouma,CM,2022-09-12 22:31:44,3.5167,15.05,68.38,94,67,1.72
120,Valdosta,US,2022-09-12 22:31:45,30.8327,-83.2785,83.91,81,40,8.05
121,Sibolga,ID,2022-09-12 22:31:45,1.7427,98.7792,75.24,88,65,2.51
122,Asheboro,US,2022-09-12 22:26:49,35.7079,-79.8136,82.04,92,100,4.61
123,Talnakh,RU,2022-09-12 22:31:45,69.4865,88.3972,33.21,94,100,3.91
124,Atar,MR,2022-09-12 22:31:46,20.5169,-13.0499,96.13,33,61,3.91
125,Crotone,IT,2022-09-12 22:31:46,39.0851,17.1178,70.2,54,0,8.43
126,Pangnirtung,CA,2022-09-12 22:31:46,66.1451,-65.7125,48.2,81,75,4.61
127,Sakhon Nakhon,TH,2022-09-12 22:31:46,17.1612,104.1472,74.01,89,47,0.83
128,Salalah,OM,2022-09-12 22:31:47,17.0151,54.0924,78.89,100,75,3.44
129,Fort Nelson,CA,2022-09-12 22:31:47,58.8053,-122.7002,63.99,36,40,2.3
130,Loknya,RU,2022-09-12 22:31:47,56.83,30.1467,46.92,98,100,3.42
131,Tshikapa,CD,2022-09-12 22:31:48,-6.4167,20.8,72.88,84,64,3.74
132,Pevek,RU,2022-09-12 22:31:48,69.7008,170.3133,34.84,93,99,5.73
133,Norman Wells,CA,2022-09-12 22:31:48,65.282,-126.8329,62.64,39,75,3.44
134,Montrose,US,2022-09-12 22:31:48,38.4166,-108.2673,78.21,17,25,11.97
135,Hammerfest,NO,2022-09-12 22:31:49,70.6634,23.6821,37.85,81,0,4.61
136,De-Kastri,RU,2022-09-12 22:31:49,51.4667,140.7833,49.23,95,100,18.75
137,Okato,NZ,2022-09-12 22:31:49,-39.2,173.8833,56.91,91,58,10.0
138,Lamu,KE,2022-09-12 22:31:50,-2.2717,40.902,75.42,84,78,16.2
139,Bonito,BR,2022-09-12 22:31:50,-21.1211,-56.4819,74.89,50,66,9.75
140,Thinadhoo,MV,2022-09-12 22:32:50,0.5333,72.9333,81.72,71,12,8.86
141,Bardiyah,LY,2022-09-12 22:32:50,31.7561,25.0865,76.87,71,0,17.74
142,Shingu,JP,2022-09-12 22:32:51,33.7333,135.9833,78.22,89,100,9.31
143,Road Town,VG,2022-09-12 22:32:51,18.4167,-64.6167,84.24,79,40,5.75
144,Mineral Wells,US,2022-09-12 22:32:51,32.8085,-98.1128,89.28,37,0,8.05
145,Samarai,PG,2022-09-12 22:32:52,-10.6167,150.6667,82.11,76,19,9.6
146,Krasnyy Chikoy,RU,2022-09-12 22:32:52,50.3643,108.7512,55.49,81,95,6.49
147,Qaanaaq,GL,2022-09-12 22:32:52,77.484,-69.3632,36.59,93,100,2.08
148,Khatanga,RU,2022-09-12 22:32:52,71.9667,102.5,33.46,77,98,7.76
149,Ancud,CL,2022-09-12 22:32:53,-41.8697,-73.8203,50.23,85,100,1.66
150,Beringovskiy,RU,2022-09-12 22:32:53,63.05,179.3167,45.84,64,29,20.22
151,Sao Filipe,CV,2022-09-12 22:32:53,14.8961,-24.4956,79.09,79,33,12.01
152,Gao,ML,2022-09-12 22:32:54,16.6362,1.637,92.32,31,100,9.98
153,Zinder,NE,2022-09-12 22:32:54,13.8072,8.9881,88.05,45,25,8.41
154,Banda Aceh,ID,2022-09-12 22:32:54,5.5577,95.3222,78.66,80,94,7.76
155,Fairbanks,US,2022-09-12 22:29:02,64.8378,-147.7164,63.61,59,100,3.44
156,Den Helder,NL,2022-09-12 22:32:46,52.9599,4.7593,66.18,88,100,10.0
157,Bosaso,SO,2022-09-12 22:32:55,11.2842,49.1816,90.03,51,12,2.82
158,Khandbari,NP,2022-09-12 22:32:55,27.3747,87.2039,69.8,93,100,1.05
159,Champerico,GT,2022-09-12 22:32:55,14.3,-91.9167,90.14,79,100,7.63
160,San Cristobal,VE,2022-09-12 22:32:55,7.7669,-72.225,73.58,91,87,1.05
161,Neuquen,AR,2022-09-12 22:30:22,-38.9516,-68.0591,66.09,27,0,4.61
162,Saquarema,BR,2022-09-12 22:32:56,-22.92,-42.5103,68.14,88,87,14.03
163,Hithadhoo,MV,2022-09-12 22:32:56,-0.6,73.0833,81.57,71,0,7.9
164,Severo-Kurilsk,RU,2022-09-12 22:32:56,50.6789,156.125,56.84,71,100,5.01
165,Tokmak,UA,2022-09-12 22:32:57,47.2514,35.7058,60.24,72,84,9.19
166,Hovd,MN,2022-09-12 22:32:57,48.0056,91.6419,49.1,28,100,1.74
167,Port Macquarie,AU,2022-09-12 22:32:57,-31.4333,152.9167,60.89,60,4,11.14
168,Guerrero Negro,MX,2022-09-12 22:32:57,27.9769,-114.0611,78.87,64,0,13.09
169,Belmonte,BR,2022-09-12 22:32:58,-15.8631,-38.8828,71.02,78,2,7.16
170,Xiamen,CN,2022-09-12 22:32:58,24.4798,118.0819,83.25,78,0,4.47
171,Nogales,MX,2022-09-12 22:32:58,31.3086,-110.9422,87.37,40,40,12.66
172,Nchelenge,ZM,2022-09-12 22:32:59,-9.3451,28.734,75.06,62,54,3.76
173,Cumana,VE,2022-09-12 22:32:59,10.4635,-64.1775,80.78,79,59,9.78
174,Vila Velha,BR,2022-09-12 22:32:59,-20.3297,-40.2925,73.35,87,75,5.75
175,Tamiahua,MX,2022-09-12 22:32:59,21.2667,-97.45,83.88,68,3,10.45
176,Rafai,CF,2022-09-12 22:33:00,4.95,23.9167,67.84,99,100,2.95
177,Campoverde,PE,2022-09-12 22:33:00,-8.4753,-74.8058,92.89,39,86,2.91
178,Virginia Beach,US,2022-09-12 22:30:14,36.8529,-75.978,89.02,66,0,10.36
179,Eagle Pass,US,2022-09-12 22:28:23,28.7091,-100.4995,94.26,42,29,8.61
180,Marrakesh,MA,2022-09-12 22:28:28,31.6315,-8.0083,77.07,61,40,6.91
181,Padang,ID,2022-09-12 22:33:00,-0.9492,100.3543,76.62,87,100,4.74
182,Sioux Lookout,CA,2022-09-12 22:33:01,50.1001,-91.917,75.27,46,40,6.91
183,Challans,FR,2022-09-12 22:33:01,46.8436,-1.8749,75.4,70,100,7.72
184,Stranda,NO,2022-09-12 22:33:01,62.3096,6.9358,57.6,95,85,2.91
185,Chingola,ZM,2022-09-12 22:33:02,-12.529,27.8838,66.31,35,4,4.32
186,Havelock,US,2022-09-12 22:34:02,34.8791,-76.9013,85.98,85,100,1.01
187,Chimbarongo,CL,2022-09-12 22:34:03,-34.7,-71.05,58.08,79,100,3.4
188,Tautira,PF,2022-09-12 22:34:03,-17.7333,-149.15,77.67,78,75,20.54
189,San Patricio,US,2022-09-12 22:34:03,28.017,-97.5169,93.15,45,17,10.29
190,Nicoya,CR,2022-09-12 22:34:04,10.1483,-85.452,77.27,90,100,3.62
191,Onguday,RU,2022-09-12 22:34:04,50.75,86.15,36.7,90,34,1.79
192,Raudeberg,NO,2022-09-12 22:34:04,61.9875,5.1352,54.95,41,83,19.84
193,Lisakovsk,KZ,2022-09-12 22:34:04,52.5369,62.4936,48.42,59,83,5.57
194,Sorong,ID,2022-09-12 22:34:05,-0.8833,131.25,77.5,89,100,9.22
195,Hilo,US,2022-09-12 22:34:05,19.7297,-155.09,85.28,71,0,6.91
196,Mananjary,MG,2022-09-12 22:34:05,-21.2167,48.3333,64.11,92,4,7.16
197,Dikson,RU,2022-09-12 22:34:06,73.5069,80.5464,38.44,69,100,18.41
198,Arraial Do Cabo,BR,2022-09-12 22:29:50,-22.9661,-42.0278,67.96,83,100,9.22
199,Chazuta,PE,2022-09-12 22:34:06,-6.5742,-76.1367,92.25,56,68,1.88
200,Westport,US,2022-09-12 22:30:36,41.1415,-73.3579,80.38,83,0,8.05
201,Vardo,NO,2022-09-12 22:34:06,70.3705,31.1107,40.98,93,100,4.61
202,Opuwo,NA,2022-09-12 22:34:07,-18.0607,13.84,68.45,25,0,4.18
203,Tazovskiy,RU,2022-09-12 22:34:07,67.4667,78.7,34.21,99,100,9.57
204,Amnat Charoen,TH,2022-09-12 22:34:07,15.9167,104.75,74.53,88,1,1.41
205,Shestakovo,RU,2022-09-12 22:34:08,56.4915,103.96,47.23,86,78,11.7
206,Komsomolskiy,UZ,2022-09-12 22:34:08,40.4272,71.7189,56.12,88,18,2.3
207,Rockingham,US,2022-09-12 22:34:08,42.9668,-71.0995,79.72,75,72,2.84
208,College,US,2022-09-12 22:34:08,64.8569,-147.8028,63.59,58,75,3.44
209,Praia,CV,2022-09-12 22:34:09,14.9215,-23.5087,79.5,80,98,13.62
210,Grand-Lahou,CI,2022-09-12 22:34:09,5.1367,-5.0242,72.97,90,90,7.85
211,Port Moresby,PG,2022-09-12 22:34:09,-9.4431,147.1797,76.42,94,20,8.05
212,Egvekinot,RU,2022-09-12 22:34:10,66.3167,-179.1667,36.28,96,100,15.93
213,Magdagachi,RU,2022-09-12 22:34:10,53.45,125.8,46.99,65,82,3.02
214,Mehamn,NO,2022-09-12 22:34:10,71.0357,27.8492,35.55,93,20,9.22
215,Lazaro Cardenas,MX,2022-09-12 22:29:58,17.9583,-102.2,79.16,80,100,1.28
216,Hobart,AU,2022-09-12 22:34:11,-42.8794,147.3294,47.26,76,75,10.36
217,Tala,EG,2022-09-12 22:33:03,30.6803,30.9429,72.37,92,0,4.32
218,Abu Kamal,SY,2022-09-12 22:34:11,34.4506,40.9171,85.89,18,0,7.38
219,Waipawa,NZ,2022-09-12 22:34:11,-41.4122,175.5153,55.18,65,28,20.2
220,Santa Teresa,VE,2022-09-12 22:34:12,10.2341,-66.6631,75.16,95,79,1.07
221,Kalabo,ZM,2022-09-12 22:34:12,-14.97,22.6814,67.06,19,3,6.2
222,Clyde River,CA,2022-09-12 22:34:12,70.4692,-68.5914,39.43,100,100,4.61
223,Inta,RU,2022-09-12 22:34:13,66.0317,60.1659,45.46,93,100,16.33
224,Buala,SB,2022-09-12 22:34:13,-8.145,159.5921,84.4,65,29,4.81
225,Bathsheba,BB,2022-09-12 22:34:13,13.2167,-59.5167,84.81,79,40,11.5
226,Zhangye,CN,2022-09-12 22:34:14,38.9342,100.4517,66.99,39,99,4.45
227,Westerland,DE,2022-09-12 22:34:14,54.9079,8.3033,62.94,94,100,16.11
228,Terrace,CA,2022-09-12 22:34:14,54.5163,-128.6035,69.71,52,40,8.05
229,Matara,LK,2022-09-12 22:34:15,5.9485,80.5353,76.23,92,90,7.85
230,Omboue,GA,2022-09-12 22:34:15,-1.5746,9.2618,74.43,83,17,5.73
231,Faya,SA,2022-09-12 22:35:15,18.3851,42.4509,69.91,24,49,6.46
232,Dzilam Gonzalez,MX,2022-09-12 22:35:16,21.2833,-88.9333,78.66,91,100,5.88
233,Lorengau,PG,2022-09-12 22:35:16,-2.0226,147.2712,84.0,64,30,11.72
234,Lata,PT,2022-09-12 22:35:16,40.1629,-8.3327,70.81,83,90,13.27
235,Atasu,KZ,2022-09-12 22:35:16,48.6814,71.6433,43.97,55,33,5.01
236,Nshamba,TZ,2022-09-12 22:35:17,-1.7983,31.5511,65.71,71,76,3.04
237,Fougamou,GA,2022-09-12 22:35:17,-1.2154,10.5838,73.44,83,63,3.09
238,Cabedelo,BR,2022-09-12 22:35:17,-6.9811,-34.8339,75.87,80,16,13.69
239,Poopo,BO,2022-09-12 22:35:18,-18.3667,-66.9667,52.99,15,19,1.83
240,Cabo San Lucas,MX,2022-09-12 22:33:16,22.8909,-109.9124,88.11,62,0,3.44
241,Tingo Maria,PE,2022-09-12 22:35:18,-9.2895,-76.0088,76.62,74,96,1.28
242,Arinos,BR,2022-09-12 22:35:18,-15.9169,-46.1056,79.36,24,36,2.73
243,Ajdabiya,LY,2022-09-12 22:35:19,30.7554,20.2263,76.71,74,0,8.57
244,Pinega,RU,2022-09-12 22:35:19,64.7001,43.3936,46.67,88,100,5.5
245,Saint Anthony,US,2022-09-12 22:35:19,45.0205,-93.218,76.28,44,0,11.5
246,Tabuny,RU,2022-09-12 22:35:19,52.7773,78.7896,48.22,57,87,1.14
247,Palmer,US,2022-09-12 22:35:20,42.1584,-72.3287,77.41,78,20,0.0
248,Kahului,US,2022-09-12 22:33:45,20.8947,-156.47,89.62,66,40,21.85
249,Hambantota,LK,2022-09-12 22:35:20,6.1241,81.1185,77.88,85,87,14.09
250,Mahebourg,MU,2022-09-12 22:35:21,-20.4081,57.7,69.26,77,40,8.05
251,Cabras,IT,2022-09-12 22:35:21,39.93,8.5314,71.82,84,54,4.65
252,Iranshahr,IR,2022-09-12 22:35:21,27.2025,60.6848,88.29,17,2,4.52
253,Garden City,US,2022-09-12 22:31:24,42.3256,-83.331,66.81,57,75,14.97
254,Bengkulu,ID,2022-09-12 22:35:22,-3.8004,102.2655,74.82,89,99,2.33
255,Solnechnyy,RU,2022-09-12 22:35:22,50.7214,136.6319,40.14,97,100,12.59
256,Ulladulla,AU,2022-09-12 22:35:22,-35.35,150.4667,50.77,73,99,9.06
257,Mar Del Plata,AR,2022-09-12 22:31:26,-38.0023,-57.5575,54.95,68,0,13.0
258,Alofi,NU,2022-09-12 22:35:23,-19.0595,-169.9187,82.29,65,75,11.5
259,Saldanha,ZA,2022-09-12 22:35:23,-33.0117,17.9442,51.85,79,0,16.49
260,Bac Lieu,VN,2022-09-12 22:35:23,9.285,105.7244,76.5,90,97,4.09
261,Manono,CD,2022-09-12 22:35:23,-7.3,27.4167,75.34,70,50,2.55
262,Haines Junction,CA,2022-09-12 22:35:24,60.7522,-137.5108,55.35,50,73,5.75
263,Canmore,CA,2022-09-12 22:30:34,51.0834,-115.3521,63.88,45,99,3.44
264,Victoria,HK,2022-09-12 22:33:59,22.2855,114.1577,87.19,71,1,1.99
265,Marzuq,YE,2022-09-12 22:35:24,14.4,46.4667,83.37,46,89,2.57
266,Pecos,US,2022-09-12 22:35:24,31.4229,-103.4932,89.69,27,0,4.61
267,Nouadhibou,MR,2022-09-12 22:35:25,20.931,-17.0347,73.38,83,56,16.11
268,Port-Gentil,GA,2022-09-12 22:35:25,-0.7193,8.7815,75.47,82,26,12.15
269,Ipora,BR,2022-09-12 22:35:25,-16.4419,-51.1178,83.82,20,45,3.06
270,Axim,GH,2022-09-12 22:35:26,4.8699,-2.2405,73.71,88,92,7.67
271,Batticaloa,LK,2022-09-12 22:35:26,7.7102,81.6924,79.5,77,100,0.83
272,Hailar,CN,2022-09-12 22:35:26,49.2,119.7,50.83,51,39,7.4
273,Boralday,KZ,2022-09-12 22:35:26,43.3578,76.8594,49.86,76,40,4.47
274,Isangel,VU,2022-09-12 22:35:27,-19.55,169.2667,80.49,65,13,11.63
275,Paita,PE,2022-09-12 22:35:27,-5.0892,-81.1144,65.17,76,37,20.07
276,Beloha,MG,2022-09-12 22:35:27,-25.1667,45.05,63.37,97,10,4.18
277,Chuy,UY,2022-09-12 22:35:28,-33.6971,-53.4616,55.18,90,74,7.43
278,Havoysund,NO,2022-09-12 22:36:28,70.9963,24.6622,37.63,70,100,7.76
279,Morehead,US,2022-09-12 22:36:28,37.2711,-87.1764,74.95,38,40,4.61
280,Young,UY,2022-09-12 22:36:28,-32.6833,-57.6333,51.98,68,0,4.43
281,Port Hardy,CA,2022-09-12 22:36:29,50.6996,-127.4199,59.18,88,75,4.61
282,Quatre Cocos,MU,2022-09-12 22:36:29,-20.2078,57.7625,69.1,77,28,7.85
283,Leningradskiy,RU,2022-09-12 22:36:29,69.3833,178.4167,40.33,83,99,9.48
284,Prainha,BR,2022-09-12 22:36:30,-1.8,-53.48,81.97,56,26,4.12
285,Mariani,IN,2022-09-12 22:36:30,26.6667,94.3333,73.69,94,56,3.18
286,Xuddur,SO,2022-09-12 22:36:30,4.1213,43.8894,71.62,73,97,17.34
287,Arauca,CO,2022-09-12 22:36:31,7.0847,-70.7591,76.96,94,75,0.0
288,Abay,KZ,2022-09-12 22:36:31,49.6311,72.8539,26.98,62,1,5.03
289,Sonoita,MX,2022-09-12 22:36:31,31.85,-112.8333,91.8,30,66,11.77
290,Lardos,GR,2022-09-12 22:36:31,36.0942,28.0157,78.94,69,0,14.5
291,Severodvinsk,RU,2022-09-12 22:36:32,64.5635,39.8302,48.31,87,100,8.61
292,Xam Nua,LA,2022-09-12 22:36:32,20.4197,104.0439,64.2,99,98,1.25
293,Monrovia,LR,2022-09-12 22:36:32,6.3005,-10.7969,76.35,84,55,9.4
294,Yilan,TW,2022-09-12 22:36:32,24.757,121.753,80.37,99,100,9.53
295,Grand Gaube,MU,2022-09-12 22:36:33,-20.0064,57.6608,69.39,70,55,3.0
296,Sinnamary,GF,2022-09-12 22:36:33,5.3833,-52.95,80.37,80,43,9.37
297,Harper,LR,2022-09-12 22:36:33,4.375,-7.7169,75.54,81,88,8.1
298,Ketrzyn,PL,2022-09-12 22:36:34,54.0768,21.3753,51.13,86,100,3.58
299,Balasheyka,RU,2022-09-12 22:36:34,53.2841,48.0851,46.27,70,74,5.28
300,Batesville,US,2022-09-12 22:36:34,35.7698,-91.641,81.95,36,0,8.05
301,Angoram,PG,2022-09-12 22:36:34,-4.0625,144.0661,79.16,86,87,3.67
302,Okha,RU,2022-09-12 22:36:35,53.5739,142.9478,43.9,84,100,13.85
303,Sisophon,KH,2022-09-12 22:36:35,13.5859,102.9737,75.76,92,94,3.83
304,Port Blair,IN,2022-09-12 22:36:35,11.6667,92.75,78.84,89,40,2.3
305,Sagauli,IN,2022-09-12 22:36:36,26.7833,84.7333,76.01,90,99,11.92
306,Barcelos,PT,2022-09-12 22:36:36,41.5388,-8.6151,70.84,85,65,11.03
307,Maunabo,PR,2022-09-12 22:36:36,18.0072,-65.8993,84.04,91,78,7.61
308,Butajira,ET,2022-09-12 22:36:37,8.1167,38.3667,57.76,89,96,2.39
309,Anadyr,RU,2022-09-12 22:36:37,64.75,177.4833,43.3,100,75,11.18
310,Saint-Pierre,RE,2022-09-12 22:36:37,-21.3393,55.4781,64.08,77,0,5.75
311,Iracoubo,GF,2022-09-12 22:36:37,5.4802,-53.2011,79.93,82,39,8.39
312,Fortuna,US,2022-09-12 22:36:38,40.5982,-124.1573,71.91,61,40,14.97
313,Mount Gambier,AU,2022-09-12 22:36:38,-37.8333,140.7667,46.85,69,54,5.28
314,Sept-Iles,CA,2022-09-12 22:36:38,50.2001,-66.3821,59.05,97,100,4.61
315,Iquitos,PE,2022-09-12 22:35:00,-3.7481,-73.2472,91.44,62,20,2.3
316,Esil,KZ,2022-09-12 22:36:39,51.9556,66.4042,48.07,59,93,5.37
317,Limpapa,PH,2022-09-12 22:36:39,7.1197,121.9106,72.73,81,71,1.72
318,Metu,ET,2022-09-12 22:36:39,8.3,35.5833,57.61,99,100,2.51
319,Baykit,RU,2022-09-12 22:36:40,61.67,96.37,39.2,91,99,8.34
320,Hohhot,CN,2022-09-12 22:36:40,40.8106,111.6522,52.09,76,0,4.47
321,Vila Do Maio,CV,2022-09-12 22:37:40,15.1333,-23.2167,80.44,80,98,15.3
322,Port Hedland,AU,2022-09-12 22:37:40,-20.3167,118.5667,69.85,68,100,6.91
323,Iquique,CL,2022-09-12 22:37:41,-20.2208,-70.1431,59.04,81,71,4.72
324,Damaturu,NG,2022-09-12 22:37:41,11.747,11.9608,78.15,77,72,12.88
325,Caramay,PH,2022-09-12 22:37:41,10.1815,119.236,79.59,82,47,2.62
326,Soyo,AO,2022-09-12 22:37:42,-6.1349,12.3689,72.91,83,39,5.93
327,Lannion,FR,2022-09-12 22:37:42,48.75,-3.4167,72.14,78,100,11.72
328,Lasa,IT,2022-09-12 22:37:42,46.6166,10.7002,54.36,41,15,4.85
329,Saint-Philippe,RE,2022-09-12 22:37:42,-21.3585,55.7679,63.99,75,65,9.33
330,Ponta Do Sol,PT,2022-09-12 22:37:43,32.6667,-17.1,74.03,80,95,11.97
331,San Policarpo,PH,2022-09-12 22:37:43,12.1791,125.5072,80.24,86,100,6.02
332,Olafsvik,IS,2022-09-12 22:37:43,64.8945,-23.7142,49.19,91,63,11.1
333,Hualmay,PE,2022-09-12 22:33:32,-11.0964,-77.6139,61.54,80,70,12.8
334,Lokosovo,RU,2022-09-12 22:37:44,61.1333,74.8167,41.85,76,96,8.97
335,Gulu,UG,2022-09-12 22:37:44,2.7746,32.299,62.94,97,98,4.27
336,Santo Domingo,DO,2022-09-12 22:35:35,18.5001,-69.9886,85.03,84,75,11.5
337,Coahuayana,MX,2022-09-12 22:37:44,18.7333,-103.6833,81.73,82,100,3.51
338,Lebu,CL,2022-09-12 22:37:45,-37.6167,-73.65,49.78,80,100,4.74
339,Dera Bugti,PK,2022-09-12 22:37:45,29.0307,69.151,83.8,55,56,1.41
340,Senno,RU,2022-09-12 22:37:45,59.5336,33.9167,48.79,80,100,3.47
341,Tayport,GB,2022-09-12 22:37:45,56.447,-2.8797,55.42,82,0,5.75
342,Mandiana,GN,2022-09-12 22:37:46,10.6333,-8.6833,73.44,83,76,0.65
343,Tevaitoa,PF,2022-09-12 22:37:46,-16.7833,-151.5,77.7,77,79,20.92
344,Bereda,ES,2022-09-12 22:37:46,43.2686,-7.5406,66.42,100,99,1.52
345,Ponta Delgada,PT,2022-09-12 22:37:47,37.7333,-25.6667,73.51,73,20,6.91
346,Cidreira,BR,2022-09-12 22:37:47,-30.1811,-50.2056,59.13,97,53,6.6
347,Mackenzie,CA,2022-09-12 22:37:47,55.2999,-123.1698,62.82,48,0,6.91
348,Provideniya,RU,2022-09-12 22:37:47,64.3833,-173.3,50.36,87,100,11.18
349,Bambanglipuro,ID,2022-09-12 22:37:48,-7.95,110.2833,74.75,91,33,5.26
350,Beitbridge,ZW,2022-09-12 22:37:48,-22.2167,30.0,66.67,63,0,27.65
351,Mathbaria,BD,2022-09-12 22:37:48,22.2876,89.9593,76.17,93,100,10.8
352,Yerofey Pavlovich,RU,2022-09-12 22:37:49,53.9667,121.9667,44.33,70,96,2.39
353,Dwarka,IN,2022-09-12 22:37:49,22.2394,68.9678,81.88,85,100,16.33
354,Abapo,BO,2022-09-12 22:37:49,-18.8333,-63.4667,74.1,38,98,4.32
355,Kontagora,NG,2022-09-12 22:37:49,10.3999,5.4695,73.15,94,84,4.0
356,Saint-Georges,GD,2022-09-12 22:37:50,12.0564,-61.7485,83.88,79,20,11.5
357,Mezen,RU,2022-09-12 22:37:50,65.8522,44.24,46.98,84,100,7.99
358,Buraydah,SA,2022-09-12 22:37:50,26.326,43.975,84.65,11,0,8.61
359,Bucerias,MX,2022-09-12 22:37:50,20.75,-105.3333,82.38,83,100,10.36
360,Kutum,SD,2022-09-12 22:37:51,14.2,24.6667,77.85,61,95,8.77
361,Aklavik,CA,2022-09-12 22:37:51,68.2191,-135.0107,44.6,93,75,3.44
362,Aswan,EG,2022-09-12 22:37:51,24.0934,32.907,86.83,24,0,12.35
363,Honningsvag,NO,2022-09-12 22:37:52,70.9821,25.9704,37.15,75,20,4.61
364,Jumla,NP,2022-09-12 22:37:52,29.2747,82.1838,60.22,95,97,0.76
365,Keti Bandar,PK,2022-09-12 22:37:52,24.1447,67.4497,81.97,85,89,7.92
366,Inirida,CO,2022-09-12 22:37:52,3.8653,-67.9239,72.36,99,100,2.42
367,Suoyarvi,RU,2022-09-12 22:37:53,62.0833,32.35,45.16,95,100,4.9
368,Freeport,US,2022-09-12 22:33:43,40.6576,-73.5832,80.98,73,0,6.91
369,Sharlyk,RU,2022-09-12 22:38:53,52.9167,54.75,46.65,72,100,3.04
370,Altay,CN,2022-09-12 22:38:53,47.8667,88.1167,47.16,39,86,2.8
371,Nhulunbuy,AU,2022-09-12 22:38:54,-12.2333,136.7667,79.41,89,26,6.91
372,Nyuksenitsa,RU,2022-09-12 22:38:54,60.4128,44.2397,49.17,73,100,6.24
373,Allanridge,ZA,2022-09-12 22:38:54,-27.7543,26.6438,50.81,78,92,7.45
374,Miranda,CO,2022-09-12 22:38:54,3.2499,-76.2281,84.33,79,44,3.58
375,Yugorsk,RU,2022-09-12 22:38:55,61.3133,63.3319,43.54,81,84,4.83
376,Nara,JP,2022-09-12 22:38:55,34.6851,135.8049,81.72,61,90,6.64
377,Yar-Sale,RU,2022-09-12 22:38:55,66.8333,70.8333,44.46,92,100,10.36
378,Tecoanapa,MX,2022-09-12 22:38:56,16.5167,-98.75,79.23,87,99,4.23
379,Toora-Khem,RU,2022-09-12 22:38:56,52.4675,96.11,37.44,98,80,2.71
380,Heishan,CN,2022-09-12 22:38:56,41.6892,122.1128,65.19,88,0,7.05
381,Urambo,TZ,2022-09-12 22:38:56,-5.0667,32.05,75.02,44,94,2.59
382,Mormugao,IN,2022-09-12 22:38:57,15.4,73.8,78.44,85,100,14.45
383,Xunchang,CN,2022-09-12 22:38:57,28.4543,104.715,70.18,90,19,2.51
384,Ahtopol,BG,2022-09-12 22:38:57,42.1,27.95,65.64,63,19,10.85
385,Irkutsk,RU,2022-09-12 22:38:57,52.2978,104.2964,48.97,87,75,7.0
386,Hervey Bay,AU,2022-09-12 22:38:58,-25.2986,152.8535,66.09,48,2,11.95
387,Birjand,IR,2022-09-12 22:38:58,32.8663,59.2211,59.47,23,0,11.5
388,Northam,GB,2022-09-12 22:38:58,51.0333,-4.2167,65.25,89,100,6.24
389,Jaguaquara,BR,2022-09-12 22:38:59,-13.5306,-39.9708,59.52,94,15,6.2
390,Qaqortoq,GL,2022-09-12 22:38:59,60.7167,-46.0333,45.63,90,100,3.27
391,Aykhal,RU,2022-09-12 22:38:59,66.0,111.5,33.91,97,100,3.91
392,Beinamar,TD,2022-09-12 22:39:00,8.6698,15.3813,66.47,99,100,3.15
393,Namibe,AO,2022-09-12 22:39:00,-15.1961,12.1522,63.1,88,66,4.65
394,Shuangyang,CN,2022-09-12 22:39:00,43.5242,125.6736,59.05,89,15,7.94
395,Luocheng,CN,2022-09-12 22:39:00,29.3848,104.0286,70.52,89,38,1.63
396,Asau,RO,2022-09-12 22:39:01,46.4333,26.4,51.28,90,54,5.3
397,Anloga,GH,2022-09-12 22:39:01,5.7947,0.8973,75.99,88,98,12.82
398,Yeniseysk,RU,2022-09-12 22:39:01,58.4497,92.1703,39.33,86,93,7.43
399,Deniliquin,AU,2022-09-12 22:39:02,-35.5333,144.9667,49.68,54,8,9.26
400,Alice Town,BS,2022-09-12 22:39:02,25.7167,-79.3,84.83,66,43,1.14
401,Port-Cartier,CA,2022-09-12 22:39:02,50.0334,-66.8654,58.75,90,55,4.21
402,Patan,NP,2022-09-12 22:39:02,27.6667,85.3333,70.18,88,75,0.0
403,Zalantun,CN,2022-09-12 22:39:03,48.0,122.7167,54.16,66,20,1.81
404,Elista,RU,2022-09-12 22:39:03,46.3078,44.2558,61.32,67,94,18.01
405,Dingle,PH,2022-09-12 22:39:03,10.9995,122.6711,77.85,87,92,3.44
406,Chumikan,RU,2022-09-12 22:39:04,54.7183,135.315,46.58,81,41,8.9
407,Taoudenni,ML,2022-09-12 22:39:04,22.6783,-3.9836,99.79,13,11,4.74
408,Cherlak,RU,2022-09-12 22:39:05,54.155,74.8055,41.5,67,37,2.1
409,Guangzhou,CN,2022-09-12 22:35:36,23.1167,113.25,78.75,52,26,4.52
410,Poninka,UA,2022-09-12 22:39:05,50.1849,27.5363,49.01,97,100,11.5
411,Belaya Gora,RU,2022-09-12 22:39:05,68.5333,146.4167,41.0,68,64,6.55
412,Killybegs,IE,2022-09-12 22:39:06,54.6333,-8.45,56.3,78,91,8.59
413,Darhan,MN,2022-09-12 22:37:36,49.4867,105.9228,61.79,63,100,8.81
414,Bedele,ET,2022-09-12 22:40:06,8.456,36.353,56.3,99,100,1.61
415,Wufeng,CN,2022-09-12 22:40:07,27.45,104.8333,54.88,95,35,2.91
416,Lachhmangarh,IN,2022-09-12 22:40:07,27.8214,75.0251,82.47,66,65,6.64
417,Puerto Penasco,MX,2022-09-12 22:38:25,31.3167,-113.5333,86.92,69,94,7.0
418,Moussoro,TD,2022-09-12 22:40:07,13.6408,16.4901,86.41,53,99,8.93
419,Chernyshevskiy,RU,2022-09-12 22:40:08,63.0128,112.4714,43.57,97,100,5.55
420,Bubaque,GW,2022-09-12 22:40:08,11.2833,-15.8333,80.74,80,94,16.31
421,Honiara,SB,2022-09-12 22:40:08,-9.4333,159.95,86.09,55,30,1.52
422,Taree,AU,2022-09-12 22:40:08,-31.9,152.4667,59.11,59,6,7.65
423,Wattegama,LK,2022-09-12 22:40:09,6.7989,81.4808,75.65,78,94,4.7
424,Sola,VU,2022-09-12 22:40:09,-13.8833,167.55,79.45,78,29,18.07
425,Ouesso,CG,2022-09-12 22:40:09,1.6136,16.0517,70.79,89,93,2.26
426,Portland,US,2022-09-12 22:35:31,45.5234,-122.6762,78.37,56,75,4.61
427,Wuchi,CN,2022-09-12 22:40:10,29.3786,103.023,58.01,95,91,0.94
428,Zhangjiakou,CN,2022-09-12 22:39:08,40.81,114.8794,65.12,69,0,2.06
429,Katangli,RU,2022-09-12 22:40:10,51.7102,143.2326,49.84,94,100,19.84
430,Ratnagiri,IN,2022-09-12 22:40:10,16.9833,73.3,78.85,88,100,17.78
431,Coihaique,CL,2022-09-12 22:40:11,-45.5752,-72.0662,50.61,71,75,8.05
432,Mananara,MG,2022-09-12 22:40:11,-16.1667,49.7667,65.23,93,58,4.45
433,Zambezi,ZM,2022-09-12 22:40:11,-13.5432,23.1047,64.81,20,16,4.76
434,Dehui,CN,2022-09-12 22:40:11,44.5333,125.7,53.96,80,0,9.53
435,Mykhaylivka,UA,2022-09-12 22:40:12,47.2724,35.2224,59.68,80,81,9.28
436,Chara,RU,2022-09-12 22:40:12,56.9064,118.2631,51.93,76,100,3.6
437,Avera,US,2022-09-12 22:40:12,33.194,-82.5271,80.65,73,80,6.22
438,Lufilufi,WS,2022-09-12 22:40:13,-13.8745,-171.5986,89.38,77,12,20.74
439,Aksarka,RU,2022-09-12 22:40:13,66.5606,67.7975,45.91,88,100,15.23
440,Koslan,RU,2022-09-12 22:40:13,63.4564,48.8989,45.9,93,100,6.62
441,Payo,ID,2022-09-12 22:40:13,-3.7508,103.6372,71.29,97,100,1.48
442,Tuatapere,NZ,2022-09-12 22:40:14,-46.1333,167.6833,46.11,77,89,6.2
443,Kedrovyy,RU,2022-09-12 22:40:14,56.1667,91.8167,37.87,93,92,7.81
444,Qingdao,CN,2022-09-12 22:40:14,36.0986,120.3719,65.8,100,66,2.24
445,Penzance,GB,2022-09-12 22:40:15,50.1186,-5.5371,65.08,74,100,14.32
446,Luena,AO,2022-09-12 22:40:15,-11.7833,19.9167,62.26,25,48,3.83
447,Zharkent,KZ,2022-09-12 22:40:15,44.1628,80.0,58.71,60,100,1.99
448,Zaozerne,UA,2022-09-12 22:40:16,45.1582,33.2787,63.05,70,21,13.2
449,Mildura,AU,2022-09-12 22:36:01,-34.2,142.15,43.07,92,6,8.99
450,Atlantic City,US,2022-09-12 22:38:08,39.3643,-74.4229,79.03,86,0,11.5
451,Toowoomba,AU,2022-09-12 22:40:16,-27.55,151.9667,56.25,71,0,8.81
452,Atambua,ID,2022-09-12 22:40:16,-9.1061,124.8925,75.25,67,66,2.98
453,Oum Hadjer,TD,2022-09-12 22:40:17,13.2954,19.6966,78.55,77,99,11.9
454,Necochea,AR,2022-09-12 22:40:17,-38.5473,-58.7368,51.4,72,75,9.22
455,Labuhan,ID,2022-09-12 22:40:17,-6.8844,112.2051,76.55,86,25,6.82
456,Pahrump,US,2022-09-12 22:40:18,36.2083,-115.9839,88.25,41,56,7.0
457,Khasan,RU,2022-09-12 22:40:18,42.4308,130.6434,66.97,86,51,6.29
458,Careiro Da Varzea,BR,2022-09-12 22:40:18,-3.2003,-59.8119,86.61,44,53,3.18
459,Yumen,CN,2022-09-12 22:40:18,40.2833,97.2,67.1,35,100,15.35
460,Mokhsogollokh,RU,2022-09-12 22:40:19,61.4681,128.9203,46.54,60,76,7.25
461,Emilio Carranza,MX,2022-09-12 22:41:19,19.9711,-96.6114,82.11,71,76,11.39
462,Karonga,MW,2022-09-12 22:41:19,-9.9333,33.9333,71.15,74,8,4.21
463,Mogadishu,SO,2022-09-12 22:41:20,2.0371,45.3438,76.14,87,99,17.67
464,Vindinge,DK,2022-09-12 22:41:20,55.623,12.1387,61.99,82,100,12.66
465,Manggar,ID,2022-09-12 22:41:20,-2.8833,108.2667,80.19,79,87,8.57
466,Navirai,BR,2022-09-12 22:41:21,-23.065,-54.1906,68.22,92,68,7.94
467,Mishelevka,RU,2022-09-12 22:41:21,52.8575,103.1719,45.54,91,100,3.6
468,Andenes,NO,2022-09-12 22:41:21,69.3143,16.1194,44.92,87,100,3.44
469,Broome,US,2022-09-12 22:41:21,42.2506,-75.833,75.16,90,100,6.91
470,Maniitsoq,GL,2022-09-12 22:41:22,65.4167,-52.9,41.88,97,100,14.23
471,Baculin,PH,2022-09-12 22:41:22,7.4525,126.5842,81.88,75,82,4.83
472,Salta,AR,2022-09-12 22:41:22,-24.7859,-65.4117,68.59,19,0,12.66
473,Hobyo,SO,2022-09-12 22:41:22,5.3505,48.5268,76.19,89,93,25.64
474,Acari,PE,2022-09-12 22:41:23,-15.4311,-74.6158,62.96,80,70,6.87
475,Batemans Bay,AU,2022-09-12 22:41:23,-35.7167,150.1833,51.1,71,99,4.12
476,Narasannapeta,IN,2022-09-12 22:41:23,18.4167,84.05,80.37,81,92,13.11
477,Shenzhen,CN,2022-09-12 22:39:13,22.5455,114.0683,88.07,79,2,3.06
478,Gillette,US,2022-09-12 22:39:55,44.2911,-105.5022,79.72,26,0,10.36
479,Hofn,IS,2022-09-12 22:41:24,64.2539,-15.2082,49.28,82,100,4.88
480,Bobon,PH,2022-09-12 22:41:24,12.5246,124.5636,82.78,80,100,10.42
481,Auch,FR,2022-09-12 22:41:24,43.65,0.5833,74.88,74,90,1.01
482,Port Augusta,AU,2022-09-12 22:41:25,-32.5,137.7667,58.69,58,69,3.69
483,Loandjili,CG,2022-09-12 22:41:25,-4.7561,11.8578,73.65,83,23,6.53
484,Petauke,ZM,2022-09-12 22:41:25,-14.2426,31.3253,73.13,32,0,10.51
485,Saint-Augustin,CA,2022-09-12 22:41:25,51.226,-58.6502,59.29,89,1,4.5
486,Santiago,CL,2022-09-12 22:36:26,-33.4569,-70.6483,60.24,61,75,14.97
487,Zhigansk,RU,2022-09-12 22:41:26,66.7697,123.3711,40.89,97,100,13.94
488,Barra Dos Coqueiros,BR,2022-09-12 22:41:26,-10.9089,-37.0386,77.02,69,20,8.05
489,Maun,BW,2022-09-12 22:41:26,-19.9833,23.4167,60.76,29,0,2.3
490,Novikovo,RU,2022-09-12 22:41:27,51.1537,37.8879,49.06,94,100,12.71
491,San Carlos De Bariloche,AR,2022-09-12 22:40:31,-41.1456,-71.3082,51.55,46,75,9.22
492,Washington,US,2022-09-12 22:38:11,47.5001,-120.5015,84.15,23,84,4.63
493,Fomboni,KM,2022-09-12 22:41:27,-12.28,43.7425,75.99,69,48,2.66
494,Coxim,BR,2022-09-12 22:41:27,-18.5067,-54.76,89.35,23,49,5.39
495,Serrinha,BR,2022-09-12 22:41:28,-11.6642,-39.0075,67.39,72,3,10.22
496,Petropavlovka,RU,2022-09-12 22:41:28,50.6114,105.3196,52.52,76,100,5.14
497,Nador,MA,2022-09-12 22:41:28,35.174,-2.9287,80.85,69,0,8.05
498,Tupik,RU,2022-09-12 22:41:29,54.4253,119.9327,46.65,74,100,4.76
499,Flin Flon,CA,2022-09-12 22:41:29,54.7682,-101.865,58.84,44,75,17.27
500,Preobrazheniye,RU,2022-09-12 22:41:29,42.9019,133.9064,68.58,75,84,6.06
501,Aureliana,PH,2022-09-12 22:41:29,10.8885,121.978,80.76,81,81,2.21
502,Najran,SA,2022-09-12 22:41:30,17.4924,44.1277,83.05,21,34,4.34
503,Kismayo,SO,2022-09-12 22:41:30,-0.3582,42.5454,75.56,84,100,15.43
504,Imbituba,BR,2022-09-12 22:39:29,-28.24,-48.6703,62.85,96,100,13.82
505,Nizhneudinsk,RU,2022-09-12 22:41:30,54.9076,99.0276,46.9,88,73,7.54
506,Seoul,KR,2022-09-12 22:37:17,37.5683,126.9778,71.04,97,0,5.75
507,Namatanai,PG,2022-09-12 22:41:31,-3.6667,152.4333,84.18,63,10,9.62
508,Matay,EG,2022-09-12 22:41:31,28.419,30.7792,81.07,50,0,9.48
509,Pimentel,PE,2022-09-12 22:42:31,-6.8367,-79.9342,66.49,68,40,24.16
510,Turukhansk,RU,2022-09-12 22:42:31,65.8167,87.9833,31.62,94,63,4.9
511,Campbellsville,US,2022-09-12 22:42:32,37.3434,-85.3419,71.94,38,4,3.0
512,Kaitangata,NZ,2022-09-12 22:42:32,-46.2817,169.8464,45.77,74,100,10.18
513,West Richland,US,2022-09-12 22:42:32,46.3043,-119.3614,80.51,37,100,4.61
514,Akdepe,TM,2022-09-12 22:42:33,42.0551,59.3788,57.29,44,0,10.69
515,Erzin,TR,2022-09-12 22:42:33,36.9559,36.2,74.14,85,17,3.44
516,Sao Joao Da Barra,BR,2022-09-12 22:42:33,-21.6403,-41.0511,71.69,84,60,11.23
517,Elizabeth City,US,2022-09-12 22:37:41,36.2946,-76.2511,86.02,71,100,8.01
518,Kijang,KR,2022-09-12 22:42:34,35.2442,129.2139,76.73,85,100,14.92
519,Victor Harbor,AU,2022-09-12 22:42:34,-35.5667,138.6167,48.0,94,4,10.78
520,Paso De Carrasco,UY,2022-09-12 22:42:34,-34.8603,-56.0522,54.95,86,20,10.36
521,Bandarbeyla,SO,2022-09-12 22:42:34,9.4942,50.8122,77.58,80,24,23.2
522,Sosnovo-Ozerskoye,RU,2022-09-12 22:42:35,52.5249,111.5418,52.74,83,96,6.73
523,Teguldet,RU,2022-09-12 22:42:35,57.3064,88.1667,32.81,96,57,4.54
524,Abilene,US,2022-09-12 22:41:25,32.4487,-99.7331,89.82,39,0,5.75
525,Omsukchan,RU,2022-09-12 22:42:35,62.5333,155.8,36.64,94,100,3.78
526,Hirara,JP,2022-09-12 22:42:36,24.8,125.2833,80.87,83,75,29.93
527,Kamaishi,JP,2022-09-12 22:42:36,39.2667,141.8833,74.71,74,85,5.12
528,Yermakovskoye,RU,2022-09-12 22:42:36,53.2831,92.4003,48.09,79,98,7.02
529,Simao,CN,2022-09-12 22:42:36,22.7886,100.9748,63.46,99,100,1.23
530,Progreso,MX,2022-09-12 22:42:37,21.2833,-89.6667,86.11,85,100,9.17
531,Pampa,US,2022-09-12 22:42:37,35.5362,-100.9599,90.55,37,0,6.91
532,Ak-Dovurak,RU,2022-09-12 22:42:37,51.1833,90.6,40.08,69,0,2.98
533,Karratha,AU,2022-09-12 22:38:10,-20.7377,116.8463,69.98,67,27,5.73
534,Shimoda,JP,2022-09-12 22:42:38,34.6667,138.95,73.11,83,97,14.09
535,Santa Maria,BR,2022-09-12 22:42:29,-29.6842,-53.8069,60.1,82,0,3.44
536,San Rafael,AR,2022-09-12 22:42:38,-34.6177,-68.3301,61.95,21,41,8.68
537,Strezhevoy,RU,2022-09-12 22:42:38,60.7333,77.5889,42.85,79,100,7.07
538,Vao,NC,2022-09-12 22:42:39,-22.6667,167.4833,74.17,81,100,12.44
539,Xai-Xai,MZ,2022-09-12 22:42:39,-25.0519,33.6442,68.58,83,9,13.42
540,Seymour,US,2022-09-12 22:42:39,38.9592,-85.8903,69.75,68,78,5.01
541,Ibra,OM,2022-09-12 22:42:39,22.6906,58.5334,82.44,55,32,1.32
542,Chitrakonda,IN,2022-09-12 22:42:40,18.1167,82.0833,73.36,94,100,3.29
543,Thunder Bay,CA,2022-09-12 22:39:04,48.4001,-89.3168,73.31,46,40,8.05
544,Tres Arroyos,AR,2022-09-12 22:42:40,-38.3739,-60.2798,51.49,50,31,6.35
545,Asyut,EG,2022-09-12 22:42:40,27.181,31.1837,84.38,36,0,5.03
546,Kaseda,JP,2022-09-12 22:42:41,31.4167,130.3167,81.16,81,98,15.88
547,Nabire,ID,2022-09-12 22:42:41,-3.3667,135.4833,77.11,90,96,3.06
548,Yelniki,RU,2022-09-12 22:42:41,54.6207,43.876,51.03,77,90,7.74
549,Yerbogachen,RU,2022-09-12 22:42:41,61.2767,108.0108,48.07,98,100,8.32
550,Shiyan,CN,2022-09-12 22:42:42,32.6475,110.7781,66.27,86,3,1.61
551,Manokwari,ID,2022-09-12 22:42:42,-0.8667,134.0833,80.56,72,100,1.07
552,Takoradi,GH,2022-09-12 22:42:42,4.8845,-1.7554,73.58,89,90,8.77
553,Spirit River,CA,2022-09-12 22:42:43,55.7833,-118.8361,66.63,28,100,10.2
554,Saint George,US,2022-09-12 22:42:43,37.1041,-113.5841,90.43,31,0,5.75
555,Sault Sainte Marie,CA,2022-09-12 22:40:13,46.5168,-84.3333,66.49,93,100,5.75
556,Grobina,LV,2022-09-12 22:42:43,56.5352,21.1678,38.98,93,20,2.3
557,Laguna,US,2022-09-12 22:43:43,38.421,-121.4238,95.31,29,0,4.61
558,Umm Kaddadah,SD,2022-09-12 22:43:44,13.6017,26.6876,80.92,49,100,11.63
559,Kyren,RU,2022-09-12 22:43:44,51.6828,102.1408,48.09,93,100,1.63
560,Dashitou,CN,2022-09-12 22:43:44,43.3067,128.5114,62.76,91,4,4.09
561,Rio Grande,BR,2022-09-12 22:43:45,-32.035,-52.0986,57.31,93,98,6.26
562,Revelstoke,CA,2022-09-12 22:42:45,50.9832,-118.2023,62.62,63,100,8.05
563,Banjar,ID,2022-09-12 22:43:45,-8.19,114.9675,74.48,88,64,5.37
564,Ojinaga,MX,2022-09-12 22:43:45,29.5667,-104.4167,91.58,40,0,5.75
565,Tiarei,PF,2022-09-12 22:43:45,-17.5333,-149.3333,82.42,76,92,22.62
566,Tessalit,ML,2022-09-12 22:43:46,20.1986,1.0114,93.9,14,20,3.13
567,Linqiong,CN,2022-09-12 22:43:46,30.4159,103.4609,75.02,84,93,2.44
568,Ossora,RU,2022-09-12 22:43:46,59.2353,163.0719,52.03,64,100,9.46
569,Mancora,PE,2022-09-12 22:43:47,-4.1078,-81.0475,72.41,64,86,18.16
570,Panalingaan,PH,2022-09-12 22:43:47,8.7842,117.4231,80.1,82,10,3.04
571,Arlit,NE,2022-09-12 22:43:47,18.7369,7.3853,93.15,10,0,9.62
572,Leopold,AU,2022-09-12 22:43:47,-38.1833,144.4667,48.22,92,40,6.91
573,Birobidzhan,RU,2022-09-12 22:43:48,48.8,132.95,55.06,83,6,7.9
574,Half Moon Bay,US,2022-09-12 22:39:12,37.4636,-122.4286,83.88,70,75,23.02
575,Ontario,US,2022-09-12 22:40:02,34.0633,-117.6509,90.57,54,75,12.66
